Produce Stand Yellow Lab and Cows Glass Cutting Board Large, 12Hx15W, https://www.kroger.com/product/images/medium/front/0019403038927 
Mercer Tool M23840 Millennia 6 in. Produce Knife, Green, 1, https://www.kroger.com/product/images/medium/front/0076530190913 
Produce Stand Yellow Lab and Cows Canvas Fabric Decorative Pillow, 12Hx16W, https://www.kroger.com/product/images/medium/front/0019403038955 
Produce Stand Yellow Lab and Cows Indoor or Outdoor Mat 18x27, 18Hx27W, https://www.kroger.com/product/images/medium/front/0019403038941 
1968 Ford Mustang GT 2 Plus 2 Fastback Black Limited Edition 1 of 1800 Produced Worldwide 1-1, 1, https://www.kroger.com/product/images/medium/front/0065251394705 
The Produce Fruit Stand Indoor & Outdoor Mat, 24 x 36 in., 1, https://www.kroger.com/product/images/medium/front/0065724847130 
The Produce Fruit Stand Indoor & Outdoor Mat, 18 x 27 in., 1, https://www.kroger.com/product/images/medium/front/0065724847129 
Lotus Sustainables Lotus Produce Bags - Set of Nine, 9 Bag Set, https://www.kroger.com/product/images/medium/front/0086045100043 
The Produce Fruit Stand Indoor or Outdoor Mat 18x27, 18Hx27W, https://www.kroger.com/product/images/medium/front/0063850808305 
Grand Fusion Fruit Fresh Refrigerator Air Freshener & Produce Life Extender 2 Pack, Each, https://www.kroger.com/product/images/medium/front/0064716627966 
Produce Stand Yellow Lab and Cows Indoor or Outdoor Mat 24x36, 24Hx36W, https://www.kroger.com/product/images/medium/front/0019403038913 
OXO Good Grips GreenSaver Produce Saver Insert 1 pk White - Case Of: 1; Each Pack Qty: 1, Count of: 1, https://www.kroger.com/product/images/medium/front/0071981204542 
Hot wheels V8373 Ferrari Mondial 8 Blue Elite Edition Limited Edition 1 of 5000 Produced Worl, 1, https://www.kroger.com/product/images/medium/front/0074677500777 
Mercer Tool M23841 Leather Sheath Produce Knife, Stainless Steel, Brown, 1, https://www.kroger.com/product/images/medium/front/0076530190914 
1920479 Freshworks Produce Keeper  17.3 Cups - 2 Piece, 2, https://www.kroger.com/product/images/medium/front/0065420483405 
Better Life  Naturally Harvest-Healthy Produce Wash Basil Lemon, 16 fl oz, https://www.kroger.com/product/images/medium/front/0089545400248 
Women Producers Group, 1, https://www.kroger.com/product/images/medium/front/0086462200011 
Watermelon Chunks, 48 oz, https://www.kroger.com/product/images/medium/front/0071752440922 
Cantaloupe Chunks, 10 oz, https://www.kroger.com/product/images/medium/front/0071752441402 
Kroger® Broccoli Florets, 32 oz, https://www.kroger.com/product/images/medium/front/0001111079549 
Organic Cripps Pink Apples, $2.49/lb, https://www.kroger.com/product/images/medium/front/0000000094128 
Simple Truth Coca Pina Fruit Cup, 7 oz, https://www.kroger.com/product/images/medium/front/0001111083185 
Fruit Medley, 10 Oz, https://www.kroger.com/product/images/medium/front/0071752478237 
Kroger® Prepped Sweet Potato Cubes, 16 oz, https://www.kroger.com/product/images/medium/front/0001111001499 
Organic Red Potatoes, 1 lb, https://www.kroger.com/product/images/medium/front/0000000094073 
Kroger® Fruity Gems Fresh Pomegranate Arils, 8 oz, https://www.kroger.com/product/images/medium/front/0001111004341 
Small Mixed Melon, 10 oz, https://www.kroger.com/product/images/medium/front/0071752441538 
Kroger® Sweet Baby Broccoli, 10 oz, https://www.kroger.com/product/images/medium/front/0001111004490 
Kroger® Sweet Apples Grapes & Trail Mix Snack Tray, 3 oz, https://www.kroger.com/product/images/medium/front/0001111003126 
Kroger® Celery & Peanut Butter Snack Pack, 2.5 oz, https://www.kroger.com/product/images/medium/front/0001111002995 
Josie's Organics Classic Cole Slaw Premium Slaw Kit, 9 oz, https://www.kroger.com/product/images/medium/front/0081655402058 
Kroger® Cauliflower Florets, 24 oz, https://www.kroger.com/product/images/medium/front/0001111079550 
Simple Truth Organic® Broccoli Florets, 9 oz, https://www.kroger.com/product/images/medium/front/0001111020704 
Kroger® Snap Peas & Hummus Snack Tray, 2.5 oz, https://www.kroger.com/product/images/medium/front/0001111003117 
Kroger® Blueberries Egg & Roasted Salted Almonds, 2.5 oz, https://www.kroger.com/product/images/medium/front/0001111003171 
Kroger® Sweet Baby Cauliflower, 10 oz, https://www.kroger.com/product/images/medium/front/0001111023661 
Organic Bok Choy, $3.99/lb, https://www.kroger.com/product/images/medium/front/0000000094545 
Naturipe Rich & Savory Strawberries Roasted Salted Pistachios & Mild Gouda Cheese Snack, 5.5 oz, https://www.kroger.com/product/images/medium/front/0081204900264 
Bolthouse Farms Veggie Snackers Baby-Cut Carrots with Ranch Seasoning, 2.5 oz, https://www.kroger.com/product/images/medium/front/0007146401821 
Bolthouse Farms Veggie Snackers Baby-Cut Carrots with Chile Lime Seasoning, 2.5 oz, https://www.kroger.com/product/images/medium/front/0007146401822 
Bolthouse Farms Veggie Snackers Baby-Cut Carrots with Pizza Seasoning, 2.5 oz, https://www.kroger.com/product/images/medium/front/0007146402114 
Fruit Medley, 48 Oz, https://www.kroger.com/product/images/medium/front/0071752478241 
Organic Mustard Greens, 1 lb, https://www.kroger.com/product/images/medium/front/0000000094616 
Organic - Apples - Fuji - Small, 1 each, https://www.kroger.com/product/images/medium/front/0000000094129 
Arrowhead Mills Organic Red Lentils, 16 oz, https://www.kroger.com/product/images/medium/front/0007433347626 
Organic - Artichokes, 1 Count, https://www.kroger.com/product/images/medium/front/0000000094762 
Cinnamon Toast Crunch Cinnadust Seasoning Blend, 3.5 oz, https://www.kroger.com/product/images/medium/front/0004135150216 
Shiloh Farms Organic Heirloom Orca Beans, 15 oz, https://www.kroger.com/product/images/medium/front/0004759360811 
UgroGreens Organic Arugula Microgreen Refill Kit, 2 pk / 1.75 oz, https://www.kroger.com/product/images/medium/front/0062805595420 
McCormick Perfect Pinch Rotisserie Chicken Seasoning, 5 oz, https://www.kroger.com/product/images/medium/front/0005210004968 
McCormick Produce Partners Mild Great Guacamole Seasoning Mix, 1 oz, https://www.kroger.com/product/images/medium/front/0007052800681 
McCormick Produce Partners Spicy Great Guacamole Seasoning Mix, 1 oz, https://www.kroger.com/product/images/medium/front/0007052800691 
McCormick Produce Partners Mild Salsa Naturala Seasoning Mix, 0.7 oz, https://www.kroger.com/product/images/medium/front/0007052800631 
McCormick Perfect Pinch Italian Seasoning, 1.31 oz, https://www.kroger.com/product/images/medium/front/0005210004973 
Rubbermaid Fresh Works Medium Produce Saver Container - Green/Clear, 6.3 c, https://www.kroger.com/product/images/medium/front/0007169149669 
Rubbermaid Fresh Works Produce Saver Food Container - Clear/Green, 17.3 c, https://www.kroger.com/product/images/medium/front/0007169149670 
Biokleen Produce Wash Soap, 16 fl oz, https://www.kroger.com/product/images/medium/front/0071725600095 
McCormick Grill Mates Montreal Steak Seasoning Shaker, 11.62 oz, https://www.kroger.com/product/images/medium/front/0005210003828 
InterDesign Crisp Produce Bin - Clear, 1 ct, https://www.kroger.com/product/images/medium/front/0008149271340 
OXO Greensaver Produce Keeper - Clear/Green, 4.3 qt, https://www.kroger.com/product/images/medium/front/0071981204401 
Rubbermaid® Fresh Works Produce Saver Storage Container, 2.5 c, https://www.kroger.com/product/images/medium/front/0007169149671 
McCormick Perfect Pinch Steak Seasoning, 7 oz, https://www.kroger.com/product/images/medium/front/0005210004971 
Ferrari Mondial 3.2 Elite Edition Blue 1 of 5000 Produced 1/18 Diecast Car Model by Hotwheels, 1, https://www.kroger.com/product/images/medium/front/0002708478909 
Trudeau 12 oz On the Go Food Container Produce Keeper, Clear, 1, https://www.kroger.com/product/images/medium/front/0006356264943 
The Produce Fruit Stand Glass Cutting Board Large, 12Hx15W, https://www.kroger.com/product/images/medium/front/0063850808184 
McCormick Perfect Pinch Salad Supreme Seasoning, 4.34 oz, https://www.kroger.com/product/images/medium/front/0005210004974 
12 oz On the Go Food Container Produce Keeper, Clear, 1, https://www.kroger.com/product/images/medium/front/0078099712505 
My Healthy Shopping Basket Produce Set, 1 each, https://www.kroger.com/product/images/medium/front/0019320600852 
Model Power MDP1594 N Scale Central Meat & Produce Kit, 1, https://www.kroger.com/product/images/medium/front/0003713501594 
Spice Islands Italian Herb Seasoning, 0.65 oz, https://www.kroger.com/product/images/medium/front/0001732400485 
Classic Metal Works 20232 Produce Loads Accessory Set For 1 by 87 HO Scale Models - 3 Piece, 1, https://www.kroger.com/product/images/medium/front/0084939802933 
The Produce Fruit Stand Indoor or Outdoor Mat 24x36, 24Hx36W, https://www.kroger.com/product/images/medium/front/0063850808362 
Produce Stand Yellow Lab and Cows Wall or Door Hanging Prints, 8HX12W, https://www.kroger.com/product/images/medium/front/0019403038899 
Tajin Clasico with Lime Seasoning Mix, 5 oz, https://www.kroger.com/product/images/medium/front/0063314810001 
Lotus Sustainables Lotus Produce Bags - 100% Cotton Set of Five, 5 Bag Set, https://www.kroger.com/product/images/medium/front/0086000246171 
Kitchen Details 2100 Reusable Cotton Mesh Produce Bags - Pack of 3, 1, https://www.kroger.com/product/images/medium/front/0063312582225 
1920480 Produce Keeper  6.3 Cups - 2 Piece, 2, https://www.kroger.com/product/images/medium/front/0065420483406 
Tajin Mini Clasico with Lime Seasoning, 10 ct / 3.5 oz, https://www.kroger.com/product/images/medium/front/0063314817754 
Kitchen Details 2101 Sanitized Reusable Cotton Mesh Produce Bags - Pack of 3, 1, https://www.kroger.com/product/images/medium/front/0063312582226 
Organic Boston Lettuce, 1 ct, https://www.kroger.com/product/images/medium/front/0000000094632 
Amore Sun-Dried Tomatoes, 4.4 oz, https://www.kroger.com/product/images/medium/front/0007224871016 
Amore Grilled Peppers, 4.4 oz, https://www.kroger.com/product/images/medium/front/0007224871017 
FungusAmongUs Dried Shiitake Mushrooms, 1 oz, https://www.kroger.com/product/images/medium/front/0071987060023 
Amore Artichoke Hearts, 4.4 oz, https://www.kroger.com/product/images/medium/front/0007224871018 
Cored Pineapple, 18.5 oz, https://www.kroger.com/product/images/medium/front/0071752451523 
Watermelon Chunks, 24 oz, https://www.kroger.com/product/images/medium/front/0071752441223 
Cantaloupe Chunks, 24 oz, https://www.kroger.com/product/images/medium/front/0071752441432 
Pineapple Chunks, 24 oz, https://www.kroger.com/product/images/medium/front/0071752451384 
UgroGreens Organic Crunchy Salad Supreme Microgreen Refill Kit 2 Count, 2 pk / 1.75 oz, https://www.kroger.com/product/images/medium/front/0062805595430 
UgroGreens Organic Alfalfa Microgreen Refill Kit 2 Count, 2 pk / 1.75 oz, https://www.kroger.com/product/images/medium/front/0062805595426 
UgroGreens Organic Curly Cress Microgreen Refill Kit 2 Count, 2 pk / 1.75 oz, https://www.kroger.com/product/images/medium/front/0062805595423 
UgroGreens Organic Bok Choy Microgreen Refill Kit 2 Count, 2 pk / 1.75 oz, https://www.kroger.com/product/images/medium/front/0062805595431 
UgroGreens Organic Broccoli Microgreen Refill Kit 2 Count, 2 pk / 1.75 oz, https://www.kroger.com/product/images/medium/front/0062805595421 
Fillo's Carolina Peas & Rice, 8 oz, https://www.kroger.com/product/images/medium/front/0085260500817 
Fillo's Cuban Congri, 8 oz, https://www.kroger.com/product/images/medium/front/0085260500816 
UgroGreens Organic Kale Microgreen Refill Kit, 2 pk / 1.75 oz, https://www.kroger.com/product/images/medium/front/0062805595416 
Shiloh Farms Organic Green Split Peas, 15 oz, https://www.kroger.com/product/images/medium/front/0004759332266 
UgroGreens Organic Basil Microgreen Refill Kit 2 Count, 2 pk / 1.75 oz, https://www.kroger.com/product/images/medium/front/0062805595425 
Shiloh Farms Organic Fava Bean, 15 oz, https://www.kroger.com/product/images/medium/front/0004759332258 
UgroGreens Organic Diakon Radish Microgreen Refill Kit 2 Count, 2 pk / 1.75 oz, https://www.kroger.com/product/images/medium/front/0062805595427 
Eden Foods Organic Dried Sliced Maitake Mushrooms, 0.88 oz, https://www.kroger.com/product/images/medium/front/0002418230019 
UgroGreens Organic Sandwich Supreme Microgreen Refill Kit 2 Count, 2 pk / 1.75 oz, https://www.kroger.com/product/images/medium/front/0062805595428 
Shiloh Farms Organic Heirloom Yellow Eye Beans, 15 oz, https://www.kroger.com/product/images/medium/front/0004759360812 
Simple Truth Organic™ Basil, 3 oz, https://www.kroger.com/product/images/medium/front/0001111000876 
Simple Truth Organic™ Mint, 0.5 oz, https://www.kroger.com/product/images/medium/front/0001111001818 
Private Selection™ Heirloom Navel Oranges, 3 lb, https://www.kroger.com/product/images/medium/front/0001111090032 
Organic Asparagus, $3.99/lb, https://www.kroger.com/product/images/medium/front/0000000094080 
Simple Truth Organic™ Sliced White Mushrooms, 8 oz, https://www.kroger.com/product/images/medium/front/0001111002497 
Simple Truth Organic™ Whole White Mushrooms, 8 oz, https://www.kroger.com/product/images/medium/front/0001111091500 
Kroger® Prepped Sweet Potato Cubes, 16 oz, https://www.kroger.com/product/images/medium/front/0001111001499 
Organic Green Cabbage, $1.79/lb, https://www.kroger.com/product/images/medium/front/0000000094069 
Organic Romaine Lettuce, 1 ct, https://www.kroger.com/product/images/medium/front/0000000094640 
Simple Truth Organic™ Baby Spring Mix, 5 oz, https://www.kroger.com/product/images/medium/front/0001111091126 
Private Selection™ California Grown Minneola Tangelos, 3 lb, https://www.kroger.com/product/images/medium/front/0001111001681 
Organic Red Onions, $1.59/lb, https://www.kroger.com/product/images/medium/front/0000000094082 
Kroger® Petite Carrots Snack Pack, 4 ct / 3 oz, https://www.kroger.com/product/images/medium/front/0001111091653 
Simple Truth Organic™ Hass Avocados, 4 ct, https://www.kroger.com/product/images/medium/front/0001111018209 
Private Selection™ Cara Cara Navel Oranges, 3 lb, https://www.kroger.com/product/images/medium/front/0001111018221 
Simple Truth Organic Baby Dill, 0.5 oz, https://www.kroger.com/product/images/medium/front/0001111001816 
Simple Truth Organic™ Granny Smith Apples, 2 lb, https://www.kroger.com/product/images/medium/front/0001111069103 
Organic Large Gala Apples, $2.49/lb, https://www.kroger.com/product/images/medium/front/0000000094134 
Simple Truth Organic™ Baby Kale, 5 oz, https://www.kroger.com/product/images/medium/front/0001111091727 
Simple Truth Organic™ Cripps Pink Apples, 2 lb, https://www.kroger.com/product/images/medium/front/0001111018999 
Organic Limes, 1 ct, https://www.kroger.com/product/images/medium/front/0000000094048 
Organic Green Leaf Lettuce, 1 ct, https://www.kroger.com/product/images/medium/front/0000000094076 
Organic Fuji Apples, $2.49/lb, https://www.kroger.com/product/images/medium/front/0000000094131 
Simple Truth Organic™ Peeled Rainbow Baby Carrots, 12 oz, https://www.kroger.com/product/images/medium/front/0001111001678 
Simple Truth Organic™ Russet Potatoes, 3 lb, https://www.kroger.com/product/images/medium/front/0001111091778 
Simple Truth Organic™ Chives, 0.5 oz, https://www.kroger.com/product/images/medium/front/0001111001813 
Simple Truth Organic™ Baby Romaine, 5 oz, https://www.kroger.com/product/images/medium/front/0001111091127 
Simple Truth Organic® Baby Carrots, 2 lb, https://www.kroger.com/product/images/medium/front/0001111018226 
Organic Bartlett Pears, $2.49/lb, https://www.kroger.com/product/images/medium/front/0000000094409 
Simple Truth Organic™ Tarragon, 0.5 oz, https://www.kroger.com/product/images/medium/front/0001111001908 
Mixed Melon Chunks, 24 oz, https://www.kroger.com/product/images/medium/front/0071752441543 
Simple Truth Organic® Little Gem Lettuce, 6 oz, https://www.kroger.com/product/images/medium/front/0001111003895 
Watermelon Chunks, 10 oz, https://www.kroger.com/product/images/medium/front/0071752441202 
Kroger® Sweet Apples & Caramel Snack Tray, 2.75 oz, https://www.kroger.com/product/images/medium/front/0001111002970 
Pineapple Chunks, 10 oz, https://www.kroger.com/product/images/medium/front/0071752451303 
Spice World Organic Garlic, 8 oz, https://www.kroger.com/product/images/medium/front/0007096900017 
Fruit Medley, 24 Oz, https://www.kroger.com/product/images/medium/front/0071752478239 
organicgirl Sweet Pea Protein Greens, 4.2 oz, https://www.kroger.com/product/images/medium/front/0089520300157 
Organic - Fennel, 1 ct, https://www.kroger.com/product/images/medium/front/0000000094515 
organicgirl Baby Spinach, 10 oz, https://www.kroger.com/product/images/medium/front/0089520300116 
Simple Truth™ Perfectly Pineapple Fruit Cup, 7 oz, https://www.kroger.com/product/images/medium/front/0001111083184 
Organic White Onions, 1 each, https://www.kroger.com/product/images/medium/front/0000000094663 
Organic Cripps Apple, $2.49/lb, https://www.kroger.com/product/images/medium/front/0000000094130 
Taylor Farms Turkey & Cheddar Cheese Snack Tray, 6 oz, https://www.kroger.com/product/images/medium/front/0082486270112 
Organic Celery Hearts, 2 ct, https://www.kroger.com/product/images/medium/front/0000000094575 
Pro2Snax Sliced Apples with Chocolate Caramels and Pretzels, 2.4 oz, https://www.kroger.com/product/images/medium/front/0064963200169 
Kroger® Sweet Apples Pretzels & Cheddar Cheese Snack Tray, 3 oz, https://www.kroger.com/product/images/medium/front/0001111003119 
Simple Truth Organic™ Lemongrass, 2 ct, https://www.kroger.com/product/images/medium/front/0001111018156 
Kroger® Apples & Peanut Butter Snack Tray, 2.75 oz, https://www.kroger.com/product/images/medium/front/0001111002956 
Kroger® Gluten Free Baby Carrots & Ranch Dip Snack Tray, 3.5 oz, https://www.kroger.com/product/images/medium/front/0001111002999 
Small Mixed Grapes, 11 oz, https://www.kroger.com/product/images/medium/front/0071752451605 
Organic Red Dandelion Greens, each, https://www.kroger.com/product/images/medium/front/0000000094615 
Kroger® Trimmed Asparagus Spears, 16 oz, https://www.kroger.com/product/images/medium/front/0001111002615 
Organic Banana, $0.69/lb, https://www.kroger.com/product/images/medium/front/0000000094011 
Kroger® Sweet Corn Cobs, 4 ct, https://www.kroger.com/product/images/medium/front/0001111018183 
Kroger® Broccoli Slaw, 12 oz, https://www.kroger.com/product/images/medium/front/0001111002458 
Organic Cucumber, 1 ct, https://www.kroger.com/product/images/medium/front/0000000094062 
Organic - Berries - Strawberries, 16 oz, https://www.kroger.com/product/images/medium/front/0003338320038 
Organic Green Onions, 1 each, https://www.kroger.com/product/images/medium/front/0000000094068 
Kroger® Vegetable Medley, 32 oz, https://www.kroger.com/product/images/medium/front/0001111079548 
Simple Truth Organic™ Blueberries, 6 oz, https://www.kroger.com/product/images/medium/front/0001111001615 
Organic Yellow Squash, $1.99/lb, https://www.kroger.com/product/images/medium/front/0000000094784 
Organic - Berries - Raspberries - Red, 6 Oz, https://www.kroger.com/product/images/medium/front/0005916550200 
Kroger® Riced Cauliflower, 16 oz, https://www.kroger.com/product/images/medium/front/0001111018241 
Simple Truth Organic™ Mini Sweet Peppers, 16 oz, https://www.kroger.com/product/images/medium/front/0001111090020 
Simple Truth Organic™ Baby Spinach, 5 oz, https://www.kroger.com/product/images/medium/front/0001111091128 
Simple Truth Organic® Baby Carrots, 1 lb, https://www.kroger.com/product/images/medium/front/0001111091659 
Kroger® Riced Cauliflower Veggie Medley, 16 oz, https://www.kroger.com/product/images/medium/front/0001111018242 
Organic Celery, $1.69/lb, https://www.kroger.com/product/images/medium/front/0000000094070 
Organic Lemons, 1 ct, https://www.kroger.com/product/images/medium/front/0000000094053 
Simple Truth Organic™ Grape Tomatoes, 10 oz, https://www.kroger.com/product/images/medium/front/0001111091068 
Organic Zucchini Squash, $1.89/lb, https://www.kroger.com/product/images/medium/front/0000000094067 
Organic Broccoli, $2.49/lb, https://www.kroger.com/product/images/medium/front/0000000094060 
Organic Green Bell Pepper, 1 ct, https://www.kroger.com/product/images/medium/front/0000000094065 
Kroger® Packaged Sweet Corn, 7 ct, https://www.kroger.com/product/images/medium/front/0001111018184 
Kroger® Ginger Garlic Stir Fry Kit, 14 oz, https://www.kroger.com/product/images/medium/front/0001111018246 
Private Selection™ Smoked Gouda Onion & Thyme Seasoned Petite Potatoes, 16 oz, https://www.kroger.com/product/images/medium/front/0001111008026 
Ortega Thick & Smooth Mild Taco Sauce, 8 oz, https://www.kroger.com/product/images/medium/front/0003900000890 
Home Chef Heat & Eat Bourbon Glazed Sweet Potatoes with Pecans, 14 oz, https://www.kroger.com/product/images/medium/front/0084013430309 
Home Chef Heat & Eat Seasoned Green Beans, 11 oz, https://www.kroger.com/product/images/medium/front/0084013430308 
Mission Garden Spinach Herb Wraps, 6 ct / 15 oz, https://www.kroger.com/product/images/medium/front/0007373100291 
Organic On the Vine Tomatoes (4-5 Tomatoes per Bunch), $2.99/lb, https://www.kroger.com/product/images/medium/front/0000000094664 
Organic Red Bell Pepper, 1 ct, https://www.kroger.com/product/images/medium/front/0000000094688 
Simple Truth Organic™ Mixed Bell Peppers, 2 ct, https://www.kroger.com/product/images/medium/front/0001111090010 
Ortega Original Thick & Smooth Mild Taco Sauce, 16 oz, https://www.kroger.com/product/images/medium/front/0003900001893 
Organic Red Tomatoes, $2.49/lb, https://www.kroger.com/product/images/medium/front/0000000094799 
Organic Orange Bell Pepper, 1 ct, https://www.kroger.com/product/images/medium/front/0000000093121 
Simple Truth Organic™ Roma Tomatoes, 16 oz, https://www.kroger.com/product/images/medium/front/0001111000219 
Ortega Original Taco Seasoning Mix, 1.25 oz, https://www.kroger.com/product/images/medium/front/0003900000820 
Organic Yellow Bell Pepper, 1 ct, https://www.kroger.com/product/images/medium/front/0000000094689 
Organic Red Bell Pepper, 1 ct, https://www.kroger.com/product/images/medium/front/0000000094088 
Organic - Eggplant, 1 lb, https://www.kroger.com/product/images/medium/front/0000000094081 
Ortega Original Thick & Smooth Medium Taco Sauce, 16 oz, https://www.kroger.com/product/images/medium/front/0003900001894 
Organic Heirloom Tomatoes, $3.99/lb, https://www.kroger.com/product/images/medium/front/0000000093423 
Rio Luna Organic Nacho Sliced Jalapenos, 12 oz, https://www.kroger.com/product/images/medium/front/0007715381004 
Mixed Berries, 24 Oz, https://www.kroger.com/product/images/medium/front/0071752478246 
Cacique Queso Fresco, 10 oz, https://www.kroger.com/product/images/medium/front/0007456240110 
Organic Kiwi, 1 ct, https://www.kroger.com/product/images/medium/front/0000000094030 
Organic Pineapples, 1 ct, https://www.kroger.com/product/images/medium/front/0000000094430 
Simple Truth Organic™ Kiwifruit, 16 oz, https://www.kroger.com/product/images/medium/front/0001111004654 
505 Southwestern Medium Green Chile Sauce, 16 oz, https://www.kroger.com/product/images/medium/front/0060205010383 
Organic English Cucumber, 1 ct, https://www.kroger.com/product/images/medium/front/0000000094593 
Organic Spaghetti Squash, $1.69/lb, https://www.kroger.com/product/images/medium/front/0000000094776 
Organic Acorn Squash, $1.69/lb, https://www.kroger.com/product/images/medium/front/0000000094750 
505 Southwestern Mild Hatch Valley Green Chile Sauce, 16 oz, https://www.kroger.com/product/images/medium/front/0060205010364 
Simple Truth Organic™ Baby Spring Mix, 5 oz, https://www.kroger.com/product/images/medium/front/0001111091131 
Simple Truth Organic™ Baby Spinach, 16 oz, https://www.kroger.com/product/images/medium/front/0001111091151 
Organic Cilantro, 1 ct, https://www.kroger.com/product/images/medium/front/0000000094889 
Cacique Cotija Part Skim Milk Cheese, 10 oz, https://www.kroger.com/product/images/medium/front/0007456200110 
Simple Truth Organic™ Baby Arugula, 5 oz, https://www.kroger.com/product/images/medium/front/0001111091150 
Kroger® Broccoli Florets, 32 oz, https://www.kroger.com/product/images/medium/front/0001111079549 
Organic Ginger Root, $3.49/lb, https://www.kroger.com/product/images/medium/front/0000000094612 
Simple Truth Organic™ Baby Spring Mix, 16 oz, https://www.kroger.com/product/images/medium/front/0001111091130 
Kroger® Sweet Baby Broccoli, 10 oz, https://www.kroger.com/product/images/medium/front/0001111004490 
Simple Truth Organic™ Whole Carrots, 32 oz, https://www.kroger.com/product/images/medium/front/0001111091657 
Organic Small Avocado, 1 ct, https://www.kroger.com/product/images/medium/front/0000000094225 
Organic Kale, 16 oz, https://www.kroger.com/product/images/medium/front/0000000094627 
Kroger® Cauliflower Florets, 24 oz, https://www.kroger.com/product/images/medium/front/0001111079550 
Simple Truth Organic™ Romaine Hearts, 12 oz, https://www.kroger.com/product/images/medium/front/0001111091661 
Simple Truth Organic™ Gala Apples Pouch, 2 lb, https://www.kroger.com/product/images/medium/front/0001111069101 
Simple Truth Organic™ Basil, 0.5 oz, https://www.kroger.com/product/images/medium/front/0001111001812 
Kroger® Sweet Baby Cauliflower, 10 oz, https://www.kroger.com/product/images/medium/front/0001111023661 
Organic Iceberg Lettuce, 16 oz, https://www.kroger.com/product/images/medium/front/0000000094061 
Simple Truth Organic™ 50/50 Blend Salad, 5 oz, https://www.kroger.com/product/images/medium/front/0001111091471 
Organic Honeycrisp Apples, $3.79/lb, https://www.kroger.com/product/images/medium/front/0000000093283 
Kroger® Riced Cauliflower Veggie Medley, 16 oz, https://www.kroger.com/product/images/medium/front/0001111018242 
Simple Truth Organic™ Power Greens, 5 oz, https://www.kroger.com/product/images/medium/front/0001111091733 
Simple Truth Organic™ Sliced Baby Bella Mushrooms, 8 oz, https://www.kroger.com/product/images/medium/front/0001111002498 
Simple Truth Organic™ Thyme, 0.5 oz, https://www.kroger.com/product/images/medium/front/0001111001921 
Simple Truth Organic™ 50/50 Salad Blend Mix, 16 oz, https://www.kroger.com/product/images/medium/front/0001111002474 
Organic Carrots, 1 bunch, https://www.kroger.com/product/images/medium/front/0000000094094 
Simple Truth Organic™ Whole Baby Bella Mushrooms, 8 oz, https://www.kroger.com/product/images/medium/front/0001111091508 
Organic Italian Parsley, Each, https://www.kroger.com/product/images/medium/front/0000000094901 
Simple Truth Organic™ Honeycrisp Apples, 2 lb, https://www.kroger.com/product/images/medium/front/0001111069106 
Simple Truth Organic™ Rosemary, 0.5 oz, https://www.kroger.com/product/images/medium/front/0001111001886 
Simple Truth Organic™ Celery Hearts, 1 lb, https://www.kroger.com/product/images/medium/front/0001111091660 
Simple Truth Organic™ Fuji Apples Bag, 2 lb, https://www.kroger.com/product/images/medium/front/0001111069102 
Organic Cauliflower, 1 lb, https://www.kroger.com/product/images/medium/front/0000000094079 
Organic Yellow Onions, $1.59/lb, https://www.kroger.com/product/images/medium/front/0000000094093 
Simple Truth Organic® Power Greens with Fresh Carrots, 16 oz, https://www.kroger.com/product/images/medium/front/0001111004778 
Organic Russet Potatoes, 1 lb, https://www.kroger.com/product/images/medium/front/0000000094072 
Kroger® Prepped Sweet Potato Cubes, 16 oz, https://www.kroger.com/product/images/medium/front/0001111001499 
Organic Red Kale, 1 lb, https://www.kroger.com/product/images/medium/front/0000000093095 
Gourmet Garden Organic Lightly Dried Parsley, 0.35 oz, https://www.kroger.com/product/images/medium/front/0087520800124 
Gourmet Garden Organic Lightly Dried Cilantro, 0.35 oz, https://www.kroger.com/product/images/medium/front/0087520800123 
Kroger® Broccoli Florets, 32 oz, https://www.kroger.com/product/images/medium/front/0001111079549 
Crunch Pak Sweet Apple Slices Snack Packs, 6 ct / 2 oz, https://www.kroger.com/product/images/medium/front/0073231312203 
Simple Truth Organic Whole Bay Leaves, 0.5 oz, https://www.kroger.com/product/images/medium/front/0001111018157 
Wonderful Seedless Lemons, 1 lb, https://www.kroger.com/product/images/medium/front/0007224054678 
Kroger® Sweet Baby Broccoli, 10 oz, https://www.kroger.com/product/images/medium/front/0001111004490 
North Shore Potted Living Basil, 1 ct, https://www.kroger.com/product/images/medium/front/0066062812601 
organicgirl Baby Arugula, 5 oz, https://www.kroger.com/product/images/medium/front/0089520300115 
organicgirl 50/50 Mixed Greens, 5 oz, https://www.kroger.com/product/images/medium/front/0089520300126 
Kroger® Cauliflower Florets, 24 oz, https://www.kroger.com/product/images/medium/front/0001111079550 
Simple Truth Organic™ Whole White Mushrooms, 16 oz, https://www.kroger.com/product/images/medium/front/0001111002496 
Simple Truth Organic™ Portabella Mushroom Caps, 6 oz, https://www.kroger.com/product/images/medium/front/0001111091513 
Baby Organic Broccoli, 1 each, https://www.kroger.com/product/images/medium/front/0000000093277 
Kroger® Sweet Baby Cauliflower, 10 oz, https://www.kroger.com/product/images/medium/front/0001111023661 
Cal-Organic Carrot Chips, 16 oz, https://www.kroger.com/product/images/medium/front/0007878352450 
Simple Truth Organic® Romaine Hearts, 7 oz, https://www.kroger.com/product/images/medium/front/0001111003892 
Simple Truth Organic™ Red Gourmet Potatoes, 1.5 lb, https://www.kroger.com/product/images/medium/front/0001111004799 
Organic Red Grapefruit, Each, https://www.kroger.com/product/images/medium/front/0000000094281 
Simple Truth Organic™ Oregano, 0.5 oz, https://www.kroger.com/product/images/medium/front/0001111001859 
Crunch Pak Organic Apple Slices 5 Count, 11 oz, https://www.kroger.com/product/images/medium/front/0073231314243 
organicgirl Super Spinach, 5 oz, https://www.kroger.com/product/images/medium/front/0089520300144 
Simple Truth Organic™ Butter Lettuce, 5 oz, https://www.kroger.com/product/images/medium/front/0001111003890 
Organic Collard Greens, 16 oz, https://www.kroger.com/product/images/medium/front/0000000094614 
Organic Baby Bok Choy, $2.99/lb, https://www.kroger.com/product/images/medium/front/0000000094544 
Kroger® Broccoli Florets, 32 oz, https://www.kroger.com/product/images/medium/front/0001111079549 
Organic - Parsley - Curly, Each, https://www.kroger.com/product/images/medium/front/0000000094899 
Organic Leeks, $2.49/lb, https://www.kroger.com/product/images/medium/front/0000000094629 
Kroger® Prepped Sweet Potato Cubes, 16 oz, https://www.kroger.com/product/images/medium/front/0001111001499 
Organic Small Avocado, 1 ct, https://www.kroger.com/product/images/medium/front/0000000094046 
Simple Truth Organic™ Whole Baby Bella Mushrooms, 16 oz, https://www.kroger.com/product/images/medium/front/0001111002499 
Organic Shredded Carrots, 10 oz, https://www.kroger.com/product/images/medium/front/0007878352451 
Kroger® Sweet Baby Broccoli, 10 oz, https://www.kroger.com/product/images/medium/front/0001111004490 
Organic Red Leaf Lettuce, 1 ct, https://www.kroger.com/product/images/medium/front/0000000094075 
Simple Truth Organic™ Living Butter Lettuce, 1 ct, https://www.kroger.com/product/images/medium/front/0001111080470 
Simple Truth Organic™ Cilantro, 0.5 oz, https://www.kroger.com/product/images/medium/front/0001111001814 
Kroger® Cauliflower Florets, 24 oz, https://www.kroger.com/product/images/medium/front/0001111079550 
Simple Truth Organic® Baby Spinach and Kale, 16 oz, https://www.kroger.com/product/images/medium/front/0001111004776 
Organic Lacinato Kale, 1 lb, https://www.kroger.com/product/images/medium/front/0000000098301 
Kroger® Carrots Celery Broccoli & Ranch Dip Snack Tray, 6.75 oz, https://www.kroger.com/product/images/medium/front/0001111091472 
Kroger® Sweet Baby Cauliflower, 10 oz, https://www.kroger.com/product/images/medium/front/0001111023661 
Simple Truth Organic™ Power Greens, 16 oz, https://www.kroger.com/product/images/medium/front/0001111004777 
Simple Truth Organic® Green Beans, 12 oz, https://www.kroger.com/product/images/medium/front/0001111001664 
Simple Truth Organic™ Sage, 0.5 oz, https://www.kroger.com/product/images/medium/front/0001111001890 
Simple Truth Organic® Whole Carrots, 5 lb, https://www.kroger.com/product/images/medium/front/0001111091658 
Simple Truth Organic™ Poultry Herb Blend, 0.5 oz, https://www.kroger.com/product/images/medium/front/0001111001885 
Organic Red Sweet Potatoes, $2.39/lb, https://www.kroger.com/product/images/medium/front/0000000094074 
Organic Green Granny Smith Apples, $2.49/lb, https://www.kroger.com/product/images/medium/front/0000000094017 
Simple Truth Organic® Broccoli & Cauliflower, 16 oz, https://www.kroger.com/product/images/medium/front/0001111001665 
Organic Spinach, 1 lb, https://www.kroger.com/product/images/medium/front/0000000094090 
Simple Truth Organic® Italian Parsley, 0.5 oz, https://www.kroger.com/product/images/medium/front/0001111018155 
Organic Red Cabbage, $1.49/lb, https://www.kroger.com/product/images/medium/front/0000000094554 
Simple Truth Organic® Baby Red Butter Lettuce, 5 oz, https://www.kroger.com/product/images/medium/front/0001111004780 
Simple Truth Organic Roasting Herb Blend, 0.5 oz, https://www.kroger.com/product/images/medium/front/0001111018154 
Love Beets Cooked Beets, 8.8 oz, https://www.kroger.com/product/images/medium/front/0085099600494 
Kroger® Washed and Trimmed Single Leaf Lettuce Boats, 7 oz, https://www.kroger.com/product/images/medium/front/0001111018245 
Kroger® Riced Cauliflower Veggie Medley, 16 oz, https://www.kroger.com/product/images/medium/front/0001111018242 
Private Selection™ Hatch Green Chile Ranch Artisan Seasoning Blend Petite Potatoes, 16 oz, https://www.kroger.com/product/images/medium/front/0001111008023 
Love Beets Mild Vinegar Beets, 6.5 oz, https://www.kroger.com/product/images/medium/front/0085099600427 
Love Beets White Wine + Balsamic Beets, 6.5 oz, https://www.kroger.com/product/images/medium/front/0085099600431 
Kroger® Vegetable Medley, 32 oz, https://www.kroger.com/product/images/medium/front/0001111079548 
Nasoya Kimchi Spicy Vegan Napa Cabbage, 14 oz, https://www.kroger.com/product/images/medium/front/0002548400740 
Fajita Mix, 9.5 oz, https://www.kroger.com/product/images/medium/front/0071752472783 
Seasoned Brussel Sprouts, 9 oz, https://www.kroger.com/product/images/medium/front/0071752472480 
Kroger® Broccoli Slaw, 12 oz, https://www.kroger.com/product/images/medium/front/0001111002458 
Stuffed Mushrooms, 7 oz, https://www.kroger.com/product/images/medium/front/0071752472469 
Seasoned Squash Onion & Dill, 10.5 Oz, https://www.kroger.com/product/images/medium/front/0071752478659 
Cece's Veggie Co. Organic Noodled Zucchini, 8 oz, https://www.kroger.com/product/images/medium/front/0085228700655 
Kroger® Riced Cauliflower, 16 oz, https://www.kroger.com/product/images/medium/front/0001111018241 
Zucchini Squash Noodles, 10 Oz, https://www.kroger.com/product/images/medium/front/0071752472328 
Traditional Gourmet Mushrooms, 8 oz, https://www.kroger.com/product/images/medium/front/0071752472470 
Cece's Veggie Co. Organic Noodled Butternut Squash, 8 oz, https://www.kroger.com/product/images/medium/front/0085228700657 
Kroger® Trimmed Asparagus Spears, 16 oz, https://www.kroger.com/product/images/medium/front/0001111002615 
Butternut Squash Noodles, 10 Oz, https://www.kroger.com/product/images/medium/front/0071752472326 
Love Beets Perfectly Pickled Sliced Beets, 8 oz, https://www.kroger.com/product/images/medium/front/0085876000629 
Roasting Vegetables, 11.5 Oz, https://www.kroger.com/product/images/medium/front/0071752478662 
Ozuke Kimchi: Napa & Garlic, 15 OZ, https://www.kroger.com/product/images/medium/front/0085574800303 
Ozuke Beets Dulse & Kale, 15 OZ, https://www.kroger.com/product/images/medium/front/0085574800300 
Baby Veggies Variety Gift Basket (Approximate Delivery is 3-5 Days), 80 oz, https://www.kroger.com/product/images/medium/front/0004525513140 
Melissa's Healthy Juice Box (Approximate Delivery 3-5 Days), 128 oz, https://www.kroger.com/product/images/medium/front/0004525514064 
Melissa's Cooking Essential Box (Approximate Delivery 3-6 Days), 33.92 oz, https://www.kroger.com/product/images/medium/front/0004525514063 
Home Chef Heat & Eat Creamed Corn & Peppers, 14 oz, https://www.kroger.com/product/images/medium/front/0084013430307 
